-- SQLite
INSERT INTO category(id, name) VALUES
    ('100', '식량작물'),
    ('200', '채소류'),
    ('300', '특용작물'),
    ('400', '과일류'),
    ('500', '축산물'),
    ('600', '수산물');

INSERT INTO region(id, name) VALUES
    ('1101','서울'),
    ('2100','부산'),
    ('2200','대구'),
    ('2300','인천'),
    ('2401','광주'),
    ('2501','대전'),
    ('2601','울산'),
    ('3111','수원'),
    ('3214','강릉'),
    ('3211','춘천'),
    ('3311','청주'),
    ('3511','전주'),
    ('3711','포항'),
    ('3911','제주'),
    ('3113','의정부'),
    ('3613','순천'),
    ('3714','안동'),
    ('3814','창원'),
    ('3145','용인'),
    ('2701','세종'),
    ('3112','성남'),
    ('3138','고양'),
    ('3411','천안'),
    ('3818','김해');

INSERT INTO grade (id, name) VALUES 
    ('01', '1등급'),
    ('02', '2등급'),
    ('03', '3등급'),
    ('04', '상품'),
    ('05', '중품'),
    ('06', '하품'),
    ('07', '유기농'),
    ('08', '무농약'),
    ('09', '저농약'),
    ('10', '냉장'),
    ('11', '냉동'),
    ('12', '무항생제'),
    ('15', 'M과'),
    ('16', 'S과'),
    ('17', '1+등급'),
    ('18', '동물복지란'),
    ('19', '특大'),
    ('20', '大'),
    ('21', '中'),
    ('22', '小'),
    ('23', '2L과'),
    ('24', 'L과'),
    ('25', 'M과'),
    ('26', 'S과'),
    ('27', '대멸'),
    ('28', '중멸'),
    ('29', '세멸');

INSERT INTO product (category_id, id, name) VALUES
  ('100','111','쌀'),
  ('100','112','찹쌀'),
  ('100','141','콩'),
  ('100','142','팥'),
  ('100','143','녹두'),
  ('100','151','고구마'),
  ('100','152','감자'),
  ('200','211','배추'),
  ('200','212','양배추'),
  ('200','213','시금치'),
  ('200','214','상추'),
  ('200','215','얼갈이배추'),
  ('200','216','갓'),
  ('200','221','수박'),
  ('200','222','참외'),
  ('200','223','오이'),
  ('200','224','호박'),
  ('200','225','토마토'),
  ('200','226','딸기'),
  ('200','231','무'),
  ('200','232','당근'),
  ('200','233','열무'),
  ('200','241','건고추'),
  ('200','242','풋고추'),
  ('200','243','붉은고추'),
  ('200','244','피마늘'),
  ('200','245','양파'),
  ('200','246','파'),
  ('200','247','생강'),
  ('200','248','고춧가루'),
  ('200','251','가지'),
  ('200','252','미나리'),
  ('200','253','깻잎'),
  ('200','254','부추'),
  ('200','255','피망'),
  ('200','256','파프리카'),
  ('200','257','멜론'),
  ('200','258','깐마늘(국산)'),
  ('200','266','절임배추'),
  ('200','279','알배기배추'),
  ('200','280','브로콜리'),
  ('200','422','방울토마토'),
  ('300','312','참깨'),
  ('300','314','땅콩'),
  ('300','315','느타리버섯'),
  ('300','316','팽이버섯'),
  ('300','317','새송이버섯'),
  ('300','318','호두'),
  ('300','319','아몬드'),
  ('400','411','사과'),
  ('400','412','배'),
  ('400','413','복숭아'),
  ('400','414','포도'),
  ('400','415','감귤'),
  ('400','416','단감'),
  ('400','418','바나나'),
  ('400','419','참다래'),
  ('400','420','파인애플'),
  ('400','421','오렌지'),
  ('400','423','자몽'),
  ('400','424','레몬'),
  ('400','425','체리'),
  ('400','426','건포도'),
  ('400','427','건블루베리'),
  ('400','428','망고'),
  ('400','430','아보카도'),
  ('600','611','고등어'),
  ('600','612','꽁치'),
  ('600','613','갈치'),
  ('600','614','조기'),
  ('600','615','명태'),
  ('600','616','삼치'),
  ('600','619','물오징어'),
  ('600','638','건멸치'),
  ('600','640','건오징어'),
  ('600','641','김'),
  ('600','642','건미역'),
  ('600','644','굴'),
  ('600','649','수입조기'),
  ('600','650','새우젓'),
  ('600','651','멸치액젓'),
  ('600','652','굵은소금'),
  ('600','653','전복'),
  ('600','654','새우'),
  ('600','658','홍합'),
  ('600','659','가리비'),
  ('600','660','건다시마');

 INSERT INTO variety (product_id, id, name, unit) VALUES
  ('111', '01', '20kg', '20kg'),
  ('111', '05', '20kg(햅쌀)', '20kg'),
  ('111', '06', '오대벼', '10kg'),
  ('111', '07', '고시히카리', '10kg'),
  ('111', '08', '추청', '10kg'),
  ('111', '09', '삼광', '10kg'),
  ('111', '10', '10kg', '10kg'),
  ('111', '11', '10kg(햅쌀)', '10kg'),
  ('112', '01', '일반계', '1kg'),
  ('141', '01', '흰 콩(국산)', '500g'),
  ('142', '00', '붉은 팥(국산)', '500g'),
  ('143', '00', '국산', '500g'),
  ('151', '00', '밤', '1kg'),
  ('152', '00', '감자', '1kg'),
  ('152', '01', '수미(노지)', '100g'),
  ('152', '02', '대지마', '100g'),
  ('152', '03', '노지', '100g'),
  ('152', '04', '수미(시설)', '100g'),
  ('152', '05', '기타(시설)', '100g'),
  ('152', '06', '기타(노지)', '100g'),
  ('211', '01', '봄', '1포기'),
  ('211', '02', '여름(고랭지)', '1포기'),
  ('211', '03', '가을', '1포기'),
  ('211', '06', '월동', '1포기'),
  ('212', '00', '양배추', '1포기'),
  ('213', '00', '시금치', '100g'),
  ('214', '01', '적', '100g'),
  ('214', '02', '청', '100g'),
  ('215', '00', '얼갈이배추', '1kg'),
  ('216', '00', '갓', '1kg'),
  ('221', '00', '수박', '1개'),
  ('222', '00', '참외', '10개'),
  ('223', '01', '가시계통', '10개'),
  ('223', '02', '다다기계통', '10개'),
  ('223', '03', '취청', '10개'),
  ('224', '01', '애호박', '1개'),
  ('224', '02', '쥬키니', '1개'),
  ('225', '00', '토마토', '1kg'),
  ('226', '00', '딸기', '100g'),
  ('231', '01', '봄', '1개'),
  ('231', '02', '고랭지', '1개'),
  ('231', '03', '가을', '1개'),
  ('231', '06', '월동', '1개'),
  ('232', '00', '당근', '1kg'),
  ('232', '01', '무세척', '1kg'),
  ('232', '02', '세척', '1kg'),
  ('233', '00', '열무', '1kg'),
  ('241', '00', '화건', '600g'),
  ('241', '01', '햇산화건', '600g'),
  ('241', '02', '양건(~23.5)', '600g'),
  ('241', '03', '햇산양건(~23.5)', '600g'),
  ('241', '90', '국산(화건)', '100g'),
  ('241', '99', '수입(중국)', '100g'),
  ('242', '00', '풋고추(녹광 등)', '100g'),
  ('242', '02', '꽈리고추', '100g'),
  ('242', '03', '청양고추', '100g'),
  ('242', '04', '오이맛고추', '100g'),
  ('243', '00', '붉은고추', '100g'),
  ('244', '02', '난지1접', '1kg'),
  ('244', '08', '쪽마늘', '1kg'),
  ('245', '00', '양파', '1kg'),
  ('245', '02', '햇양파', '1kg'),
  ('245', '10', '수입', '1kg'),
  ('246', '00', '대파', '1kg'),
  ('246', '02', '쪽파', '1kg'),
  ('247', '00', '국산', '1kg'),
  ('248', '00', '국산', '1kg'),
  ('248', '01', '중국', '1kg'),
  ('251', '00', '가지', '10개'),
  ('252', '00', '미나리', '100g'),
  ('253', '00', '깻잎', '100g'),
  ('254', '00', '부추', '1kg'),
  ('255', '00', '청', '100g'),
  ('256', '00', '파프리카', '200g'),
  ('257', '00', '멜론', '1개'),
  ('258', '01', '깐마늘(국산)', '1kg'),
  ('266', '01', '봄', '20kg'),
  ('266', '02', '여름(고랭지)', '20kg'),
  ('266', '03', '가을', '20kg'),
  ('266', '04', '월동', '20kg'),
  ('279', '00', '알배기배추', '1포기'),
  ('280', '00', '브로콜리(국산)', '1개'),
  ('422', '01', '방울토마토', '1kg'),
  ('422', '02', '대추방울토마토', '1kg'),
  ('312', '01', '백색(국산)', '500g'),
  ('312', '02', '중국', '500g'),
  ('312', '03', '인도', '500g'),
  ('314', '01', '국산', '100g'),
  ('314', '02', '수입', '100g'),
  ('315', '00', '느타리버섯', '100g'),
  ('315', '01', '애느타리버섯', '100g'),
  ('316', '00', '팽이버섯', '150g'),
  ('317', '00', '새송이버섯', '100g'),
  ('318', '00', '수입', '100g'),
  ('319', '00', '수입', '100g'),
  ('411', '01', '홍옥', '10개'),
  ('411', '05', '후지', '10개'),
  ('411', '06', '쓰가루(아오리)', '10개'),
  ('411', '07', '홍로', '10개'),
  ('412', '01', '신고', '10개'),
  ('412', '02', '만삼길', '10개'),
  ('412', '03', '장십랑', '10개'),
  ('412', '04', '원황', '10개'),
  ('413', '01', '백도', '10개'),
  ('413', '04', '창방조생', '10개'),
  ('413', '05', '유명', '10개'),
  ('414', '01', '캠벨얼리', '1kg'),
  ('414', '02', '거봉', '2kg'),
  ('414', '03', '델라웨어', '1kg'),
  ('414', '06', 'MBA', '1kg'),
  ('414', '07', '수입', '1kg'),
  ('414', '08', '레드글로브 칠레(~23.5)', '1kg'),
  ('414', '09', '레드글로브 페루(~23.5)', '1kg'),
  ('414', '10', '톰슨 미국(~23.5)', '1kg'),
  ('414', '11', '톰슨 호주(~23.5)', '1kg'),
  ('414', '12', '샤인머스켓', '2kg'),
  ('415', '00', '감귤', '10개'),
  ('415', '01', '노지', '10개'),
  ('415', '02', '시설', '10개'),
  ('416', '00', '단감', '10개'),
  ('418', '02', '수입', '100g'),
  ('419', '01', '국산', '10개'),
  ('419', '02', '그린 뉴질랜드', '10개'),
  ('420', '02', '수입', '1개'),
  ('421', '02', '수입', '10개'),
  ('421', '03', '네이블 미국', '10개'),
  ('421', '04', '발렌시아 미국', '10개'),
  ('421', '05', '네이블 EU', '10개'),
  ('421', '06', '네이블 호주', '10개'),
  ('423', '00', '수입', '10개'),
  ('424', '00', '수입', '10개'),
  ('425', '00', '수입', '100g'),
  ('426', '00', '수입', '100g'),
  ('427', '00', '수입', '100g'),
  ('428', '00', '수입', '1개'),  
  ('430', '00', '수입', '1개'),
  ('611', '01', '생선', '1마리'),
  ('611', '02', '냉동', '1마리'),
  ('611', '03', '국산(염장)', '1손'),
  ('611', '04', '냉동(수입)', '1마리'),
  ('611', '05', '국산(신선 냉장)', '1마리'),
  ('611', '06', '국산(냉동)', '1마리'),
  ('611', '07', '수입산(냉동)', '1마리'),
  ('611', '08', '수입산(염장)', '1손'),
  ('612', '01', '냉동(수입)', '5마리'),
  ('613', '01', '생선', '1마리'),
  ('613', '02', '냉동', '1마리'),
  ('613', '03', '국산(냉장)', '1마리'),
  ('613', '04', '국산(냉동)', '1마리'),
  ('613', '05', '수입산(냉동)', '1마리'),
  ('614', '01', '생선', '1마리'),
  ('614', '04', '참조기(냉동)', '1마리'),
  ('614', '05', '참조기(신선 냉장)', '1마리'),
  ('614', '06', '참조기(냉동)', '1마리'),
  ('614', '07', '굴비', '1마리'),
  ('615', '01', '생선', '1마리'),
  ('615', '02', '냉동', '1마리'),
  ('615', '03', '원양산(냉동)', '1마리'),
  ('615', '04', '냉동(원양수입통합)', '1마리'),
  ('615', '05', '냉동가공', '1kg'),
  ('616', '02', '냉동', '1마리'),
  ('619', '01', '생선', '1마리'),
  ('619', '02', '냉동', '1마리'),
  ('619', '03', '연근해(신선 냉장)', '1마리'),
  ('619', '04', '연근해(냉동)', '1마리'),
  ('619', '05', '원양(냉동)', '1마리'),
  ('638', '00', '건멸치', '100g'),
  ('640', '00', '건오징어', '10마리'),
  ('641', '00', '마른김', '10장'),
  ('641', '01', '얼구운김', '10장'),
  ('642', '00', '건미역', '100g'),
  ('644', '00', '굴', '1kg'),
  ('649', '01', '부세수입(생선)', '1마리'),
  ('649', '04', '부세수입(냉동)', '1마리'),
  ('650', '00', '새우젓', '1kg'),
  ('651', '00', '멸치액젓', '1kg'),
  ('652', '00', '굵은소금', '5kg'),
  ('653', '00', '전복', '5마리'),
  ('654', '01', '흰다리(수입)', '10마리'),
  ('658', '01', '깐홍합(냉장)', '100g'),
  ('658', '02', '안깐홍합(냉장)', '1kg'),
  ('659', '01', '해만가리비(홍가리비)', '1kg'),
  ('660', '01', '완도산', '1마리');